<?xml version="1.0" encoding="UTF-8"?>
<project-private xmlns="http://www.netbeans.org/ns/project-private/1">
    <editor-bookmarks xmlns="http://www.netbeans.org/ns/editor-bookmarks/2" lastBookmarkId="0"/>
    <open-files xmlns="http://www.netbeans.org/ns/projectui-open-files/2">
        <group name="HybridMobile">
            <file>file:/C:/Users/Kim%20Montes/Documents/HybridMobile/Dressr_3/www/js/index.js</file>
            <file>file:/C:/Users/Kim%20Montes/Documents/HybridMobile/Dressr_3/www/index.html</file>
            <file>file:/C:/Users/Kim%20Montes/Documents/HybridMobile/Dressr_3/config.xml</file>
            <file>file:/C:/Users/Kim%20Montes/Documents/HybridMobile/Dressr_3/www/css/Drsr.css</file>
        </group>
    </open-files>
</project-private>
